City_ID,City,Country,Lat,Lng,Max Temp,Humidity,Cloudiness,Wind Speed,Current Description
0,Tadine,NC,-21.55,167.8833,77.88,86,100,2.71,heavy intensity rain
1,Dikson,RU,73.5069,80.5464,20.82,98,100,21.39,light snow
2,Vao,NC,-22.6667,167.4833,78.67,85,100,9.33,moderate rain
3,Busselton,AU,-33.65,115.3333,55.99,91,3,11.12,clear sky
4,Kupang,ID,-10.1667,123.5833,78.49,83,93,4.81,light rain
5,Weligama,LK,5.9667,80.4167,75.67,82,100,4.47,light rain
6,Rikitea,PF,-23.1203,-134.9692,78.01,77,74,14.58,broken clouds
7,Bengkulu,ID,-3.8004,102.2655,76.35,84,100,4.52,heavy intensity rain
8,Castro,BR,-24.7911,-50.0119,78.03,77,4,4.92,clear sky
9,New Norfolk,AU,-42.7826,147.0587,59.0,91,70,2.98,broken clouds
10,Victoria,HK,22.2855,114.1577,53.01,30,97,10.0,overcast clouds
11,Butaritari,KI,3.0707,172.7902,81.52,81,60,17.2,broken clouds
12,Veraval,IN,20.9,70.3667,71.85,53,97,12.77,overcast clouds
13,Hope,US,33.6671,-93.5916,41.0,60,100,5.01,overcast clouds
14,Ayagoz,KZ,47.9714,80.4392,10.22,90,100,6.38,overcast clouds
15,Ust-Koksa,RU,50.2696,85.6108,11.37,89,100,2.73,overcast clouds
16,Talnakh,RU,69.4865,88.3972,-16.19,80,100,4.16,overcast clouds
17,Rio Gallegos,AR,-51.6226,-69.2181,60.8,25,40,11.5,light rain
18,Damaturu,NG,11.747,11.9608,73.83,20,4,9.82,clear sky
19,Port Augusta,AU,-32.5,137.7667,69.8,40,2,8.05,clear sky
20,Thompson,CA,55.7435,-97.8558,17.6,93,75,4.61,broken clouds
21,Vila Franca Do Campo,PT,37.7167,-25.4333,55.4,88,75,6.91,broken clouds
22,Jamestown,US,42.097,-79.2353,36.0,69,1,6.91,clear sky
23,Ushuaia,AR,-54.8,-68.3,46.4,81,75,25.32,light rain
24,Clyde River,CA,70.4692,-68.5914,5.0,85,75,17.27,snow
25,Albany,US,42.6001,-73.9662,30.99,60,13,4.76,few clouds
26,Saint-Philippe,RE,-21.3585,55.7679,80.6,83,75,17.27,light rain
27,Gazli,UZ,40.1333,63.45,33.96,73,0,9.01,clear sky
28,Hilo,US,19.7297,-155.09,75.2,60,1,8.05,light rain
29,Sao Filipe,CV,14.8961,-24.4956,71.47,71,100,20.51,overcast clouds
30,Oranjemund,NA,-28.55,16.4333,63.07,82,0,16.58,clear sky
31,Saldanha,ZA,-33.0117,17.9442,64.4,59,0,16.11,clear sky
32,Khilok,RU,51.3674,110.4676,-3.3,86,99,4.63,overcast clouds
33,Uvinza,TZ,-5.1036,30.3911,66.92,85,99,0.43,overcast clouds
34,Provideniya,RU,64.3833,-173.3,-5.8,65,0,2.24,clear sky
35,Nelson Bay,AU,-32.7167,152.15,62.01,100,0,4.09,clear sky
36,Paamiut,GL,61.994,-49.6678,33.21,97,100,9.6,light rain
37,Kodiak,US,57.79,-152.4072,39.2,81,90,18.41,moderate rain
38,Loreto,MX,22.2667,-101.9667,66.04,24,0,12.01,clear sky
39,Mataura,NZ,-46.1927,168.8643,55.99,70,60,11.01,broken clouds
40,Nome,US,64.5011,-165.4064,10.4,72,40,14.97,scattered clouds
41,Dingle,PH,10.9995,122.6711,74.05,93,100,10.92,overcast clouds
42,Beldanga,IN,23.9333,88.25,69.91,55,63,3.98,broken clouds
43,Svejbaek,DK,56.1325,9.6329,35.01,100,100,5.75,overcast clouds
44,Hasaki,JP,35.7333,140.8333,23.0,80,20,5.75,few clouds
45,Ostrovnoy,RU,68.0531,39.5131,5.79,92,22,12.03,few clouds
46,Makat,KZ,47.6469,53.3463,31.33,99,100,8.68,overcast clouds
47,East London,ZA,-33.0153,27.9116,69.64,84,100,13.73,light rain
48,Bluff,NZ,-46.6,168.3333,55.99,70,84,11.01,broken clouds
49,Upernavik,GL,72.7868,-56.1549,10.8,84,0,10.27,clear sky
50,Vaini,TO,-21.2,-175.2,80.6,89,75,6.91,broken clouds
51,Lebu,CL,-37.6167,-73.65,59.86,77,98,8.75,overcast clouds
52,Lavrentiya,RU,65.5833,-171.0,-15.5,83,0,11.56,clear sky
53,Bend,US,44.0582,-121.3153,44.01,63,1,1.99,clear sky
54,Areia Branca,BR,-4.9561,-37.1369,91.4,46,40,17.27,scattered clouds
55,Banjar,ID,-8.19,114.9675,78.8,94,40,1.14,scattered clouds
56,Itoman,JP,26.1247,127.6694,57.2,77,20,9.22,few clouds
57,Avarua,CK,-21.2078,-159.775,82.4,78,20,13.8,light rain
58,Garden City,US,42.3256,-83.331,37.99,64,75,2.98,broken clouds
59,Mahibadhoo,MV,3.7833,72.9667,81.48,70,94,8.99,overcast clouds
60,Airai,TL,-8.9266,125.4092,61.84,100,66,0.78,light rain
61,Palmer,US,42.1584,-72.3287,39.99,38,75,6.91,broken clouds
62,Mahebourg,MU,-20.4081,57.7,78.8,94,40,6.91,light rain
63,Mount Isa,AU,-20.7333,139.5,78.8,65,75,9.22,broken clouds
64,Planovskoye,RU,43.3985,44.1949,33.8,100,100,8.95,overcast clouds
65,Nikolskoye,RU,59.7035,30.7861,6.01,85,100,6.71,overcast clouds
66,Mar Del Plata,AR,-38.0023,-57.5575,77.0,65,0,23.02,clear sky
67,Jalu,LY,29.0331,21.5482,67.48,37,23,9.22,few clouds
68,Punta Arenas,CL,-53.15,-70.9167,48.2,76,75,13.8,light rain
69,Cascais,PT,38.6979,-9.4215,46.0,67,0,16.67,clear sky
70,Norman Wells,CA,65.282,-126.8329,15.8,86,75,3.44,broken clouds
71,Griffith,US,41.5284,-87.4237,30.2,80,90,6.91,overcast clouds
72,Itambe,BR,-15.245,-40.6244,82.09,70,13,5.41,few clouds
73,Olafsvik,IS,64.8945,-23.7142,25.5,85,11,15.01,few clouds
74,Bouca,CF,6.5105,18.2733,76.32,20,0,4.16,clear sky
75,Kapaa,US,22.0752,-159.319,77.0,83,75,8.05,broken clouds
76,Longyearbyen,SJ,78.2186,15.6401,30.2,69,75,11.5,broken clouds
77,Atuona,PF,-9.8,-139.0333,77.94,79,100,18.34,overcast clouds
78,Hobart,AU,-42.8794,147.3294,60.8,82,20,12.66,few clouds
79,Georgetown,MY,5.4112,100.3354,77.0,83,20,4.61,few clouds
80,Kaseda,JP,31.4167,130.3167,33.01,69,90,4.0,overcast clouds
81,Kaitangata,NZ,-46.2817,169.8464,57.99,51,27,7.0,scattered clouds
82,Chuy,UY,-33.6971,-53.4616,80.08,74,8,14.23,clear sky
83,Ucluelet,CA,48.9329,-125.5528,48.0,100,90,13.8,fog
84,Trindade,BR,-16.6494,-49.4889,80.6,69,40,8.05,light rain
85,Marsabit,KE,2.3284,37.9899,69.19,53,0,10.07,clear sky
86,Akyab,MM,20.15,92.9,70.21,74,23,8.59,few clouds
87,Tual,ID,-5.6667,132.75,83.79,74,100,5.53,overcast clouds
88,Hithadhoo,MV,-0.6,73.0833,81.09,75,100,13.47,overcast clouds
89,Kintinku,TZ,-5.8833,35.2333,69.8,83,40,4.61,scattered clouds
90,Selikhino,RU,50.3672,137.4996,-10.86,88,100,6.26,overcast clouds
91,Kudahuvadhoo,MV,2.6708,72.8944,81.16,70,65,10.33,broken clouds
92,Bredasdorp,ZA,-34.5322,20.0403,66.2,63,100,8.05,overcast clouds
93,Port Pirie,AU,-33.1833,138.0167,71.6,35,5,8.05,clear sky
94,Foso,GH,5.7012,-1.2866,77.2,86,22,3.8,few clouds
95,Vostok,RU,46.4856,135.8833,-11.74,90,100,4.7,overcast clouds
96,Carnarvon,AU,-24.8667,113.6333,75.2,83,0,17.27,clear sky
97,Pevek,RU,69.7008,170.3133,-25.87,87,100,3.56,overcast clouds
98,Ponta Do Sol,PT,32.6667,-17.1,54.0,66,42,3.0,scattered clouds
99,Hermanus,ZA,-34.4187,19.2345,66.0,71,80,4.0,broken clouds
100,Port Hedland,AU,-20.3167,118.5667,82.4,89,98,1.14,overcast clouds
101,Paita,PE,-5.0892,-81.1144,84.2,61,0,19.57,clear sky
102,Lorengau,PG,-2.0226,147.2712,81.14,69,100,1.45,overcast clouds
103,Teguise,ES,29.0605,-13.564,60.8,67,75,13.8,broken clouds
104,Altamira,BR,-3.2033,-52.2064,78.8,89,40,3.98,light rain
105,Birao,CF,10.2849,22.7882,70.02,22,88,6.17,overcast clouds
106,Bandarbeyla,SO,9.4942,50.8122,72.36,72,7,23.35,clear sky
107,Qaanaaq,GL,77.484,-69.3632,-1.14,74,0,6.29,clear sky
108,Barrow,US,71.2906,-156.7887,5.0,78,90,10.36,haze
109,Carauari,BR,-4.8828,-66.8958,87.22,60,94,2.95,light rain
110,Genhe,CN,50.7833,121.5167,-14.33,86,100,1.23,light snow
111,Izhevskoye,RU,54.5567,40.8703,7.48,95,79,6.51,broken clouds
112,Cherskiy,RU,68.75,161.3,-32.57,84,100,2.19,overcast clouds
113,Tasiilaq,GL,65.6145,-37.6368,17.6,49,75,2.3,broken clouds
114,Petropavlovsk-Kamchatskiy,RU,53.0452,158.6483,-2.2,78,56,6.71,broken clouds
115,Acapulco,MX,16.8634,-99.8901,86.0,62,40,9.22,scattered clouds
116,Abu Dhabi,AE,24.4667,54.3667,64.4,63,0,4.61,clear sky
117,Hovd,MN,48.0056,91.6419,0.91,78,91,4.09,overcast clouds
118,Bosaso,SO,11.2842,49.1816,73.36,62,100,5.53,overcast clouds
119,Namatanai,PG,-3.6667,152.4333,78.08,84,100,4.63,light rain
120,Sitka,US,57.0531,-135.33,42.8,81,90,14.97,light rain
121,Laguna,US,38.421,-121.4238,54.0,93,20,6.02,mist
122,Esperance,AU,-33.8667,121.9,59.0,77,40,6.91,scattered clouds
123,Abbeville,FR,50.1,1.8333,35.01,85,0,1.79,clear sky
124,Iqaluit,CA,63.7506,-68.5145,5.0,78,75,12.66,snow
125,Takoradi,GH,4.8845,-1.7554,79.86,83,1,9.48,clear sky
126,Nefteyugansk,RU,61.0998,72.6035,-13.0,77,0,6.71,clear sky
127,Caravelas,BR,-17.7125,-39.2481,81.14,73,19,10.22,few clouds
128,Berlevag,NO,70.8578,29.0864,14.0,62,0,35.68,clear sky
129,Macusani,PE,-14.0833,-70.4333,50.09,49,14,13.09,few clouds
130,Lagunas,PE,-5.2269,-75.6753,85.51,69,6,4.63,moderate rain
131,Port Alfred,ZA,-33.5906,26.891,68.0,83,97,10.98,overcast clouds
132,Zhezkazgan,KZ,47.8043,67.7144,4.33,87,48,9.17,scattered clouds
133,Turka,UA,49.1541,23.0297,30.99,79,100,1.79,overcast clouds
134,Banda Aceh,ID,5.5577,95.3222,78.44,82,100,5.5,light rain
135,Cabo San Lucas,MX,22.8909,-109.9124,77.0,49,1,6.91,clear sky
136,Aklavik,CA,68.2191,-135.0107,-4.0,84,75,2.3,broken clouds
137,Tonstad,NO,58.6626,6.7169,33.01,95,97,8.41,snow
138,Puerto Ayora,EC,-0.7393,-90.3518,84.2,54,0,18.41,clear sky
139,Tahe,CN,52.3333,124.7333,-12.66,86,13,2.86,few clouds
140,Khatanga,RU,71.9667,102.5,-13.14,89,100,19.6,light snow
141,Creel,MX,27.75,-107.6333,51.75,34,0,9.66,clear sky
142,Riyadh,SA,24.6877,46.7219,60.8,51,4,5.75,clear sky
143,Nova Olimpia,BR,-14.7972,-57.2881,95.09,40,80,2.53,heavy intensity rain
144,Challans,FR,46.8436,-1.8749,33.8,86,0,4.61,clear sky
145,Sambava,MG,-14.2667,50.1667,77.83,82,99,4.38,overcast clouds
146,Isangel,VU,-19.55,169.2667,77.0,100,90,5.75,light rain
147,Cape Town,ZA,-33.9258,18.4232,69.01,60,20,24.16,few clouds
148,Klaksvik,FO,62.2266,-6.589,30.2,64,75,12.66,broken clouds
149,Katherine,AU,-14.4667,132.2667,78.8,83,3,6.91,clear sky
150,Dangtu,CN,31.5723,118.4928,28.99,80,0,4.47,clear sky
151,Portland,US,45.5234,-122.6762,46.0,81,90,10.36,overcast clouds
152,Mattru,SL,7.6244,-11.8332,76.24,93,0,3.94,clear sky
153,Skibbereen,IE,51.55,-9.2667,42.8,87,75,5.75,broken clouds
154,Dodge City,US,37.7528,-100.0171,39.99,60,90,10.36,overcast clouds
155,Arraial Do Cabo,BR,-22.9661,-42.0278,86.0,78,20,17.27,few clouds
156,Chicama,PE,-7.8447,-79.1469,78.85,59,26,12.28,scattered clouds
157,Nanortalik,GL,60.1432,-45.2371,32.65,93,100,4.56,overcast clouds
158,Auchel,FR,50.5034,2.4735,35.01,99,0,3.29,clear sky
159,Tura,IN,25.5198,90.2201,63.84,58,63,3.22,broken clouds
160,Xiongzhou,CN,25.1167,114.3,41.09,63,98,3.87,overcast clouds
161,Ribeira Grande,PT,38.5167,-28.7,60.8,100,75,9.22,broken clouds
162,Camargo,MX,27.6667,-105.1667,55.62,33,0,15.26,clear sky
163,Sandy Bay,AU,-42.913,147.3532,60.8,82,20,12.66,few clouds
164,Westport,US,41.1415,-73.3579,41.0,42,1,9.22,clear sky
165,Vila Velha,BR,-20.3297,-40.2925,84.2,70,20,20.71,few clouds
166,Sioux Lookout,CA,50.1001,-91.917,24.8,93,90,11.5,light snow
167,Grand Gaube,MU,-20.0064,57.6608,78.01,85,0,1.99,light rain
168,Schipluiden,NL,51.9774,4.3157,39.99,93,90,9.22,overcast clouds
169,Masterton,NZ,-40.9597,175.6575,69.01,78,3,7.0,clear sky
170,Flinders,AU,-34.5833,150.8552,63.0,90,4,1.01,clear sky
171,Mangrol,IN,21.1167,70.1167,69.51,54,84,15.01,broken clouds
172,Yellowknife,CA,62.456,-114.3525,-0.4,85,90,5.75,overcast clouds
173,Codrington,AU,-38.2667,141.9667,73.36,32,99,14.5,overcast clouds
174,Chodavaram,IN,17.8333,82.95,66.2,94,38,2.3,mist
175,Muyezerskiy,RU,63.9333,31.65,-5.33,90,31,5.01,scattered clouds
176,Wanaka,NZ,-44.7,169.15,59.0,60,0,5.01,clear sky
177,Mwinilunga,ZM,-11.7358,24.4293,64.02,95,100,5.66,light rain
178,Altamont,US,42.2068,-121.7372,37.99,75,1,3.44,clear sky
179,Dalbandin,PK,28.8947,64.4101,39.13,53,0,5.55,clear sky
180,Opuwo,NA,-18.0607,13.84,70.74,55,100,12.17,overcast clouds
181,Maragogi,BR,-9.0122,-35.2225,80.49,73,100,11.3,overcast clouds
182,Amurzet,RU,47.6967,131.0981,-5.4,87,0,6.42,clear sky
183,Ilulissat,GL,69.2167,-51.1,17.6,62,75,2.3,broken clouds
184,Nouadhibou,MR,20.931,-17.0347,69.8,46,53,17.27,sand
185,Saint George,US,37.1041,-113.5841,46.0,41,1,1.99,clear sky
186,Quatre Cocos,MU,-20.2078,57.7625,78.8,94,40,6.91,light rain
187,Kilimatinde,TZ,-5.85,34.95,66.47,83,89,3.38,overcast clouds
188,Touros,BR,-5.1989,-35.4608,82.4,69,40,14.97,scattered clouds
189,Alofi,NU,-19.0595,-169.9187,80.6,89,75,10.36,light rain
190,Luderitz,NA,-26.6481,15.1594,71.01,60,18,25.5,few clouds
191,Green River,US,41.5286,-109.4662,24.8,63,1,12.66,clear sky
192,Atar,MR,20.5169,-13.0499,59.41,33,35,12.97,scattered clouds
193,Shashi,CN,30.3072,112.2447,33.01,44,9,7.94,clear sky
194,Inhambane,MZ,-23.865,35.3833,78.19,86,100,11.45,light rain
195,Porto Santo,PT,33.072,-16.3415,57.2,51,40,20.71,scattered clouds
196,Puerto Colombia,CO,10.9878,-74.9547,87.8,62,20,8.05,few clouds
197,Sistranda,NO,63.7256,8.834,30.2,80,40,9.22,light snow
198,Icod De Los Vinos,ES,28.3724,-16.7119,62.01,87,33,3.0,scattered clouds
199,Ocos,GT,14.5094,-92.1933,89.6,62,20,10.36,few clouds
200,Tarko-Sale,RU,64.9225,77.785,-28.91,85,6,8.23,clear sky
201,Sorland,NO,67.667,12.6934,35.6,64,40,16.11,light rain
202,Adamas,GR,36.7333,24.4333,64.4,100,100,19.57,overcast clouds
203,Hofn,IS,64.2539,-15.2082,22.71,81,0,12.62,clear sky
204,Cururupu,BR,-1.8283,-44.8683,80.55,79,51,5.59,broken clouds
205,Geraldton,AU,-28.7667,114.6,66.2,82,0,13.8,clear sky
206,Chipinge,ZW,-20.1883,32.6236,66.29,92,20,5.17,few clouds
207,Mindif,CM,10.3976,14.4363,77.85,17,100,8.28,overcast clouds
208,Fortuna,US,40.5982,-124.1573,55.99,100,90,2.42,overcast clouds
209,Richards Bay,ZA,-28.783,32.0377,74.37,91,99,9.28,light rain
210,Kruisfontein,ZA,-34.0033,24.7314,64.0,84,100,4.0,overcast clouds
211,Husavik,IS,66.0449,-17.3389,15.8,67,75,8.05,broken clouds
212,Biltine,TD,14.5333,20.9167,69.71,22,0,11.39,clear sky
213,The Valley,AI,18.217,-63.0578,84.2,74,20,12.66,few clouds
214,San Patricio,US,28.017,-97.5169,48.2,100,90,25.32,mist
215,Barentu,ER,15.1139,37.5928,63.68,61,0,4.65,clear sky
216,Amalapuram,IN,16.5833,82.0167,67.64,95,97,2.26,overcast clouds
217,Alyangula,AU,-13.8483,136.4192,78.8,100,87,4.88,overcast clouds
218,Burnie,AU,-41.0667,145.9167,60.01,74,28,7.0,scattered clouds
219,Anadyr,RU,64.75,177.4833,-31.0,68,0,4.47,clear sky
220,Solnechnyy,RU,50.7214,136.6319,-13.72,84,100,2.8,overcast clouds
221,Verkhnyaya Inta,RU,65.9811,60.3094,-10.32,84,0,3.96,clear sky
222,Souillac,MU,-20.5167,57.5167,78.8,94,40,6.91,light rain
223,Deputatskiy,RU,69.3,139.9,-27.62,85,100,3.91,overcast clouds
224,Severo-Kurilsk,RU,50.6789,156.125,18.88,90,96,19.91,overcast clouds
225,Costa Rica,BR,-23.4167,-54.65,91.2,49,97,1.74,moderate rain
226,Hami,CN,42.8,93.45,15.73,75,100,2.21,overcast clouds
227,Marrakesh,MA,31.6315,-8.0083,46.4,87,75,11.5,light rain
228,Panaba,MX,21.2833,-88.2667,74.34,63,26,10.67,scattered clouds
229,Necochea,AR,-38.5473,-58.7368,86.13,32,43,6.24,scattered clouds
230,Juegang,CN,32.3174,121.1855,33.01,56,100,5.97,overcast clouds
231,Santa Pola,ES,38.1917,-0.5658,46.99,81,40,1.14,scattered clouds
232,Kurilsk,RU,45.2333,147.8833,20.5,90,68,7.38,broken clouds
233,Merke,KZ,42.8728,73.1786,33.67,59,0,6.11,clear sky
234,Beloha,MG,-25.1667,45.05,77.81,75,0,13.78,clear sky
235,Mweka,CD,-4.85,21.5667,70.7,84,44,1.14,scattered clouds
236,Noumea,NC,-22.2763,166.4572,81.0,94,0,1.14,clear sky
237,Zhanakorgan,KZ,43.9098,67.2495,26.02,71,0,7.94,clear sky
238,Enumclaw,US,47.2043,-121.9915,52.0,73,76,1.99,broken clouds
239,Asau,RO,46.4333,26.4,32.0,93,75,4.61,light snow
240,Te Anau,NZ,-45.4167,167.7167,50.86,82,54,0.78,broken clouds
241,Lodja,CD,-3.4833,23.4333,73.13,75,95,0.38,overcast clouds
242,Pisco,PE,-13.7,-76.2167,77.0,69,0,20.71,clear sky
243,Kawalu,ID,-7.3817,108.2082,73.6,89,100,1.48,overcast clouds
244,Saint-Augustin,CA,51.226,-58.6502,24.98,86,30,13.6,scattered clouds
245,Constitucion,CL,-35.3333,-72.4167,64.53,63,0,12.59,clear sky
246,Sao Joao Da Barra,BR,-21.6403,-41.0511,82.4,69,40,20.71,scattered clouds
247,Port Blair,IN,11.6667,92.75,79.03,81,56,9.48,broken clouds
248,Shakawe,BW,-18.3667,21.85,72.3,81,100,2.1,light rain
249,Fairbanks,US,64.8378,-147.7164,12.99,85,75,8.05,broken clouds
250,Cakovec,HR,46.3844,16.4339,30.99,76,100,3.0,light snow
251,Mbouda,CM,5.6258,10.2552,64.85,70,37,4.97,scattered clouds
252,Naze,JP,28.3667,129.4833,52.11,75,87,8.23,overcast clouds
253,Newport,GB,51.5877,-2.9984,44.01,94,17,1.01,few clouds
254,Luancheng,CN,37.8792,114.6517,28.4,34,0,8.95,clear sky
255,Waddan,LY,29.1614,16.139,70.84,23,76,8.39,broken clouds
256,San Pedro,PH,14.35,121.0167,75.99,78,40,10.71,scattered clouds
257,Bethel,US,41.3712,-73.414,37.0,48,1,6.91,clear sky
258,Napier,NZ,-39.4833,176.9167,70.0,56,0,4.0,clear sky
259,Boddam,GB,57.4667,-1.7833,41.0,87,100,6.91,overcast clouds
260,Suamico,US,44.6319,-88.0393,25.0,80,90,4.61,overcast clouds
261,Manohar Thana,IN,24.24,76.8018,63.97,51,0,5.03,clear sky
262,Sao Sebastiao,BR,-23.76,-45.4097,79.81,85,99,4.03,overcast clouds
263,Sesheke,ZM,-17.4759,24.2968,71.92,87,100,3.96,overcast clouds
264,Guerrero Negro,MX,27.9769,-114.0611,70.83,23,0,0.31,clear sky
265,Lagoa,PT,39.05,-27.9833,60.67,92,33,8.97,scattered clouds
266,Krasnyy Chikoy,RU,50.3643,108.7512,-12.62,85,92,2.93,overcast clouds
267,Okhotsk,RU,59.3833,143.3,-14.03,80,22,13.96,few clouds
268,Kyshtovka,RU,56.555,76.6271,-9.26,90,100,6.26,overcast clouds
269,Umm Lajj,SA,25.0213,37.2685,76.6,50,0,5.37,clear sky
270,Kavieng,PG,-2.5744,150.7967,81.72,76,99,3.89,moderate rain
271,Shimoda,JP,34.6667,138.95,30.99,65,2,3.0,clear sky
272,Anupgarh,IN,29.1911,73.2086,52.14,43,0,5.3,clear sky
273,Vilela,PT,41.2251,-7.6034,39.0,7,0,4.41,clear sky
274,Louga,RU,58.7372,29.8453,5.7,94,100,2.95,overcast clouds
275,Tocopilla,CL,-22.092,-70.1979,72.23,60,85,10.07,overcast clouds
276,Adelanto,US,34.5828,-117.4092,57.0,26,66,1.99,broken clouds
277,Kibiti,TZ,-7.7218,38.9375,71.4,97,100,3.53,overcast clouds
278,Samarai,PG,-10.6167,150.6667,82.42,79,100,9.57,light rain
279,Tuktoyaktuk,CA,69.4541,-133.0374,-4.0,84,75,11.5,broken clouds
280,Agadez,NE,19.75,10.25,70.07,22,0,5.75,clear sky
281,San Cristobal,VE,7.7669,-72.225,84.2,61,40,6.91,light rain
282,Santa Maria,BR,-29.6842,-53.8069,95.0,43,40,5.75,scattered clouds
283,Cidreira,BR,-30.1811,-50.2056,79.34,77,1,19.04,clear sky
284,Chokurdakh,RU,70.6333,147.9167,-30.75,85,99,8.46,overcast clouds
285,Nordenham,DE,53.5,8.4833,41.0,93,100,5.01,overcast clouds
286,Dudinka,RU,69.4058,86.1778,-15.3,88,100,7.78,overcast clouds
287,Horasan,TR,40.0458,42.1728,18.12,89,84,0.94,broken clouds
288,Lompoc,US,34.6391,-120.4579,64.99,34,1,5.75,clear sky
289,Vikhorevka,RU,56.1201,101.1636,0.0,85,100,2.24,overcast clouds
290,Dicabisagan,PH,17.0818,122.4157,69.64,81,100,8.72,overcast clouds
291,Saskylakh,RU,71.9167,114.0833,-14.49,84,100,15.17,overcast clouds
292,Wagar,SD,16.1525,36.2032,70.66,72,0,14.79,clear sky
293,Ozerna,UA,49.6289,25.329,28.74,96,98,2.98,overcast clouds
294,San Quintin,MX,30.4833,-115.95,66.15,39,0,8.12,clear sky
295,Zyryanka,RU,65.75,150.85,-31.83,85,98,1.54,overcast clouds
296,Bambous Virieux,MU,-20.3428,57.7575,78.8,94,40,6.91,light rain
297,Torbay,CA,47.6666,-52.7314,33.01,100,90,18.41,light intensity drizzle
298,Grindavik,IS,63.8424,-22.4338,17.6,67,0,8.05,clear sky
299,Beyneu,KZ,45.3167,55.2,30.7,90,100,3.27,overcast clouds
300,Taoudenni,ML,22.6783,-3.9836,64.56,26,16,9.95,few clouds
301,Soeng Sang,TH,14.4264,102.4606,59.11,71,2,3.4,clear sky
302,Chumikan,RU,54.7183,135.315,-16.37,84,51,14.61,broken clouds
303,Hoi An,VN,15.8794,108.335,64.4,72,75,5.75,light rain
304,Hambantota,LK,6.1241,81.1185,76.53,80,100,4.23,light rain
305,Sembe,CG,1.6481,14.5806,77.22,58,0,2.35,clear sky
306,Fethiye,TR,36.6217,29.1164,59.0,100,75,2.3,broken clouds
307,Tiksi,RU,71.6872,128.8694,-13.9,87,98,11.81,overcast clouds
308,Ancud,CL,-41.8697,-73.8203,61.0,58,75,10.36,broken clouds
309,Teluk Nibung,ID,3.001,99.8164,74.43,92,100,5.79,light rain
310,Kozhva,RU,65.1073,57.0459,-13.31,90,12,1.32,few clouds
311,Usevya,TZ,-7.1,31.2333,66.83,86,100,2.66,overcast clouds
312,Neryungri,RU,56.6709,124.6491,-20.99,85,99,2.71,overcast clouds
313,Avera,US,33.194,-82.5271,51.8,46,1,2.77,clear sky
314,Gayny,RU,60.3071,54.3241,-4.31,88,0,10.11,clear sky
315,Chengde,CN,40.9725,117.9361,9.5,81,100,3.8,overcast clouds
316,Poronaysk,RU,49.2167,143.1167,-10.5,85,1,3.49,clear sky
317,Sarahan,IN,31.5167,77.8,37.54,42,0,10.42,clear sky
318,Aripuana,BR,-9.1667,-60.6333,87.71,61,92,2.35,light rain
319,Muisne,EC,0.6,-80.0333,82.4,83,40,11.5,scattered clouds
320,Amapa,BR,1.0,-52.0,77.88,94,100,3.11,overcast clouds
321,Kendari,ID,-3.945,122.4989,77.67,89,15,2.55,light rain
322,Oktyabrskiy,RU,54.4815,53.471,13.57,95,98,12.93,overcast clouds
323,Zhigansk,RU,66.7697,123.3711,-31.67,84,100,4.79,overcast clouds
324,Acton Vale,CA,45.6501,-72.5658,23.0,86,22,3.44,few clouds
325,Athabasca,CA,54.7169,-113.2854,15.8,92,92,2.3,overcast clouds
326,Stornoway,GB,58.2093,-6.3865,44.6,93,75,11.5,moderate rain
327,Mount Darwin,ZW,-16.7725,31.5838,70.09,90,100,2.82,overcast clouds
328,Makakilo City,US,21.3469,-158.0858,80.6,57,1,8.05,clear sky
329,Iisalmi,FI,63.5592,27.1907,12.2,85,20,8.05,light snow
330,Haines Junction,CA,60.7522,-137.5108,12.2,92,100,2.3,overcast clouds
331,Aykhal,RU,66.0,111.5,-34.28,81,99,5.48,overcast clouds
332,Longonjo,AO,-12.9067,15.2533,63.39,65,100,3.02,overcast clouds
333,Coihaique,CL,-45.5752,-72.0662,46.4,71,75,8.05,light rain
334,Achit,RU,56.7985,57.8994,-2.61,91,100,15.86,light snow
335,Fernley,US,39.608,-119.2518,46.0,34,0,1.01,clear sky
336,Vangaindrano,MG,-23.35,47.6,75.13,86,5,3.98,clear sky
337,Morales,CO,2.757,-76.6172,67.5,84,84,2.46,moderate rain
338,Manzanillo,CU,20.3433,-77.1167,79.65,67,39,14.58,scattered clouds
339,Angola,AO,-12.5,18.5,64.29,91,100,4.5,overcast clouds
340,Floro,NO,61.5996,5.0328,32.0,80,90,12.66,light snow
341,Fare,PF,-16.7,-151.0167,80.58,75,83,16.11,light rain
342,Camacupa,AO,-12.0167,17.4833,63.63,93,100,4.07,overcast clouds
343,Omboue,GA,-1.5746,9.2618,78.4,85,98,4.29,light rain
344,Iracoubo,GF,5.4802,-53.2011,80.11,78,5,14.45,clear sky
345,Tsabong,BW,-26.0217,22.401,81.66,47,100,9.82,overcast clouds
346,Mishelevka,RU,52.8575,103.1719,2.61,90,100,4.65,overcast clouds
347,Petatlan,MX,17.5167,-101.2667,86.0,66,1,5.75,clear sky
348,Capim Grosso,BR,-11.3811,-40.0128,90.19,39,58,4.09,broken clouds
349,Sept-Iles,CA,50.2001,-66.3821,26.01,54,0,5.75,clear sky
350,Rocha,UY,-34.4833,-54.3333,82.11,63,36,16.55,scattered clouds
351,Hun,LY,29.1268,15.9477,71.06,23,76,9.04,broken clouds
352,Labytnangi,RU,66.6572,66.4183,-15.86,81,7,2.89,clear sky
353,Bam,IR,29.106,58.357,39.9,43,0,1.36,clear sky
354,Navalmoral De La Mata,ES,39.8916,-5.5406,33.01,87,1,3.0,clear sky
355,Beringovskiy,RU,63.05,179.3167,-20.0,85,5,12.75,clear sky
356,Pokrovsk,UA,48.282,37.1758,29.75,93,100,9.53,overcast clouds
357,Ibra,OM,22.6906,58.5334,50.76,53,0,6.93,clear sky
358,Kavaratti,IN,10.5669,72.642,82.45,73,100,6.26,overcast clouds
359,Mujiayingzi,CN,42.1167,118.7833,2.55,86,100,6.55,overcast clouds
360,Mecca,SA,21.4267,39.8261,74.12,57,7,1.77,clear sky
361,Sao Geraldo Do Araguaia,BR,-6.4006,-48.555,84.11,75,84,1.63,light rain
362,Mount Gambier,AU,-37.8333,140.7667,69.8,56,100,10.36,overcast clouds
363,Yulara,AU,-25.2406,130.9889,75.2,27,19,5.75,few clouds
364,Olinda,BR,-8.0089,-34.8553,80.6,65,40,6.91,scattered clouds
365,Camopi,GF,3.1655,-52.3158,76.06,96,100,3.31,overcast clouds
366,Evensk,RU,61.95,159.2333,1.69,79,92,16.2,overcast clouds
367,Tsiroanomandidy,MG,-18.7667,46.0333,70.39,87,100,1.92,overcast clouds
368,Port Elizabeth,ZA,-33.918,25.5701,66.2,77,90,8.05,overcast clouds
369,Valdosta,US,30.8327,-83.2785,48.2,53,1,3.44,clear sky
370,Lancaster,US,40.2504,-76.2499,46.4,34,1,4.61,clear sky
371,Massakory,TD,12.996,15.7293,75.25,19,0,11.99,clear sky
372,Sola,VU,-13.8833,167.55,82.63,75,76,6.2,light rain
373,Utinga,BR,-5.8172,-35.3954,84.2,69,40,14.97,scattered clouds
374,Yinchuan,CN,38.4681,106.2731,14.31,76,0,5.19,clear sky
375,Kununurra,AU,-15.7667,128.7333,82.4,94,97,2.3,overcast clouds
376,Pangnirtung,CA,66.1451,-65.7125,10.4,79,90,8.05,light snow
377,Yar-Sale,RU,66.8333,70.8333,-18.49,85,20,3.74,few clouds
378,Marystown,CA,47.1666,-55.1483,37.38,83,100,14.97,overcast clouds
379,Mincivan,AZ,39.0294,46.7185,48.63,42,0,12.39,clear sky
380,Campbell River,CA,50.0163,-125.2446,44.01,100,90,11.5,mist
381,Nerang,AU,-27.9833,153.3333,70.0,81,23,5.99,few clouds
382,Kahului,US,20.8947,-156.47,80.6,57,20,13.8,few clouds
383,Xuddur,SO,4.1213,43.8894,75.13,35,66,15.3,broken clouds
384,North Bend,US,43.4065,-124.2243,53.6,87,90,9.22,mist
385,Farafenni,GM,13.5667,-15.6,81.64,23,46,11.88,scattered clouds
386,Bulawayo,ZW,-20.15,28.5833,68.54,69,49,8.7,scattered clouds
387,Dubuque,US,42.4833,-90.8668,21.99,86,90,8.05,mist
388,Baykit,RU,61.67,96.37,-11.47,84,100,4.14,overcast clouds
389,Poya,NC,-21.35,165.15,79.32,83,92,5.23,overcast clouds
390,Behshahr,IR,36.6923,53.5526,50.45,43,0,4.79,clear sky
391,Inyonga,TZ,-6.7167,32.0667,64.78,85,100,4.54,overcast clouds
392,Marang,MY,5.2056,103.2059,75.2,88,40,2.3,light rain
393,Assiniboia,CA,49.6334,-105.9845,26.6,86,97,9.22,overcast clouds
394,Tombouctou,ML,20.0,-3.0,70.25,29,69,12.73,broken clouds
395,La Solana,ES,38.9442,-3.2381,33.01,92,59,8.32,broken clouds
396,Nabire,ID,-3.3667,135.4833,77.25,84,80,2.46,moderate rain
397,Barra Do Garcas,BR,-15.89,-52.2567,86.67,58,57,1.54,broken clouds
398,Coquimbo,CL,-29.9533,-71.3436,66.2,63,0,13.8,clear sky
399,Bilma,NE,18.6853,12.9164,71.98,20,0,6.4,clear sky
400,Hay River,CA,60.8156,-115.7999,21.2,79,100,6.91,overcast clouds
401,Rosa Zarate,EC,0.3333,-79.4667,81.21,81,6,4.72,moderate rain
402,Harper,LR,4.375,-7.7169,79.68,82,25,5.95,light rain
403,Vardo,NO,70.3705,31.1107,19.4,68,75,13.8,broken clouds
404,Kirakira,SB,-10.4544,161.9205,81.95,78,97,4.47,light rain
405,Birin,NP,26.8865,88.0718,47.41,80,87,3.91,overcast clouds
406,Aba,NG,5.1066,7.3667,77.0,94,75,3.44,broken clouds
407,Pizarro,CO,4.9533,-77.366,79.88,84,66,9.35,light rain
408,Lincoln,US,40.8,-96.667,35.6,75,90,4.61,overcast clouds
409,Ahipara,NZ,-35.1667,173.1667,65.73,68,41,9.84,scattered clouds
410,President Roxas,PH,7.1544,125.0558,75.2,100,75,4.61,broken clouds
411,Dungarpur,IN,23.8333,73.7167,65.75,55,35,10.04,scattered clouds
412,Yatou,CN,37.15,122.3833,20.64,93,100,3.44,overcast clouds
413,Waitati,NZ,-45.75,170.5667,54.75,63,29,9.48,scattered clouds
414,La Ronge,CA,55.1001,-105.2842,19.4,73,100,2.3,overcast clouds
415,Sinnamary,GF,5.3833,-52.95,80.47,78,14,13.98,few clouds
416,Werda,BW,-25.2667,23.2833,80.1,48,100,7.61,overcast clouds
417,Port Hueneme,US,34.1478,-119.1951,73.4,18,1,3.44,clear sky
418,Alice Springs,AU,-23.7,133.8833,77.0,60,2,4.61,clear sky
419,Salalah,OM,17.0151,54.0924,69.8,24,0,11.5,clear sky
420,Enshi,CN,30.3,109.4833,35.01,85,56,0.56,broken clouds
421,Bushehr,IR,28.9684,50.8385,60.8,82,98,4.61,overcast clouds
422,Chingirlau,KZ,51.095,54.0814,26.15,98,100,9.01,overcast clouds
423,Soroti,UG,1.7146,33.6111,71.91,64,99,5.77,overcast clouds
424,Maneciu,RO,45.3167,25.9833,32.0,91,100,4.09,snow
425,Nemuro,JP,43.3236,145.575,17.24,88,0,19.66,clear sky
426,Namwala,ZM,-15.7504,26.4384,69.28,92,100,2.75,overcast clouds
427,Mackenzie,CA,55.2999,-123.1698,28.4,93,90,4.61,overcast clouds
428,Meulaboh,ID,4.1363,96.1285,74.98,89,100,2.66,overcast clouds
429,Ailigandi,PA,9.2333,-78.0167,81.77,79,58,7.34,light rain
430,Bejar,ES,40.3864,-5.7634,33.01,87,73,3.0,broken clouds
431,Pandan,PH,14.0453,124.1694,75.16,85,100,20.62,overcast clouds
432,Jiuquan,CN,39.7432,98.5174,9.64,70,0,3.94,clear sky
433,Singaraja,ID,-8.112,115.0882,80.47,73,100,2.37,overcast clouds
434,San Policarpo,PH,12.1791,125.5072,79.41,84,99,18.48,overcast clouds
435,Palmerston,AU,-12.486,130.9833,78.8,94,79,3.44,broken clouds
436,Vikulovo,RU,56.8167,70.6107,-9.22,90,100,8.43,overcast clouds
437,Huilong,CN,31.8111,121.655,34.0,61,62,6.73,broken clouds
438,Broken Hill,AU,-31.95,141.4333,75.2,31,0,8.05,clear sky
439,Tatarsk,RU,55.219,75.9828,-0.8,93,100,4.76,overcast clouds
440,Sidi Ali,DZ,36.0998,0.4206,46.26,81,54,1.19,broken clouds
441,Severo-Yeniseyskiy,RU,60.3725,93.0408,-16.74,90,100,2.1,overcast clouds
442,Bilibino,RU,68.0546,166.4372,-28.39,82,44,0.81,scattered clouds
443,Padang,ID,-0.9492,100.3543,78.93,70,100,6.69,overcast clouds
444,Praia,CV,14.9215,-23.5087,71.6,60,75,20.71,broken clouds
445,Narsaq,GL,60.9167,-46.05,41.0,38,75,19.57,broken clouds
446,Nichinan,JP,31.6,131.3667,33.01,69,100,4.0,overcast clouds
447,Cairns,AU,-16.9167,145.7667,77.0,94,52,1.14,broken clouds
448,Terrace,CA,54.5163,-128.6035,32.0,100,90,1.3,light rain
449,Severiano Melo,BR,-5.7772,-37.9578,91.96,39,61,7.99,broken clouds
450,Dangriga,BZ,16.9692,-88.2321,78.8,73,20,5.75,light rain
451,Severodvinsk,RU,64.5635,39.8302,-4.0,84,40,4.47,scattered clouds
452,Omagh,GB,54.6,-7.3,38.68,94,100,6.49,overcast clouds
453,Villamontes,BO,-21.25,-63.5,97.74,35,87,9.24,overcast clouds
454,Bantou,CN,26.2151,117.4893,37.99,72,94,1.7,overcast clouds
455,Georgiyevskoye,RU,58.731,45.024,4.91,94,100,7.92,overcast clouds
456,Karratha,AU,-20.7377,116.8463,86.72,66,61,6.8,broken clouds
457,Searcy,US,35.2506,-91.7363,36.0,64,90,8.05,overcast clouds
458,Ceres,US,37.5949,-120.9577,54.0,100,90,3.44,mist
459,Alexandria,EG,31.2156,29.9553,64.4,88,0,5.75,clear sky
460,Quelimane,MZ,-17.8786,36.8883,82.0,83,20,2.3,light rain
461,Tambo Grande,PE,-4.9269,-80.3447,92.43,37,65,9.78,broken clouds
462,Ampanihy,MG,-24.7,44.75,79.41,68,1,6.38,clear sky
463,Talas,TR,38.6908,35.5538,50.0,57,75,2.51,broken clouds
464,Mehamn,NO,71.0357,27.8492,21.2,62,0,35.68,clear sky
465,Zavoronezhskoye,RU,52.8801,40.5526,13.17,96,86,7.05,overcast clouds
466,Middle Island,US,40.8843,-72.9373,41.0,45,1,9.22,clear sky
467,Tucuman,AR,-26.8241,-65.2226,89.6,62,40,4.61,scattered clouds
468,Zhuhai,CN,22.2769,113.5678,51.8,46,40,20.71,scattered clouds
469,Lubango,AO,-14.9172,13.4925,57.15,87,36,3.83,scattered clouds
470,Sault Sainte Marie,CA,46.5168,-84.3333,33.8,75,90,5.75,overcast clouds
471,Abu Samrah,SY,35.3029,37.1841,50.09,48,0,2.08,clear sky
472,Verkhniy Baskunchak,RU,48.2256,46.7217,30.76,96,100,8.75,overcast clouds
473,Laguna De Perlas,NI,12.3429,-83.6712,77.0,94,75,4.61,moderate rain
474,Leninogorsk,RU,54.6026,52.4609,7.41,95,100,10.31,overcast clouds
475,Chateaubelair,VC,13.2833,-61.25,82.4,74,40,14.97,scattered clouds
476,Shu,KZ,43.5983,73.7614,18.75,77,0,4.29,clear sky
477,Do Gonbadan,IR,30.3586,50.7981,42.8,70,0,0.65,clear sky
478,Methoni,GR,36.8197,21.7049,62.01,82,100,1.14,overcast clouds
479,Sabha,LY,27.0377,14.4283,67.05,26,11,11.68,few clouds
480,Eureka,US,40.8021,-124.1637,54.0,94,99,1.01,overcast clouds
481,Kouqian,CN,43.6391,126.4578,-0.22,88,0,6.13,clear sky
482,Oyama,JP,36.3,139.8,36.0,68,20,2.3,few clouds
483,Nioro,GM,13.35,-15.75,81.75,23,47,10.45,scattered clouds
484,Tateyama,JP,34.9833,139.8667,36.0,40,4,5.01,clear sky
485,Anahuac,MX,27.2333,-100.15,44.6,100,90,16.11,overcast clouds
486,Tebingtinggi,ID,3.3285,99.1625,75.2,100,40,3.44,mist
487,Cedar City,US,37.6775,-113.0619,30.2,55,1,2.8,clear sky
488,Sibiti,CG,-3.6819,13.3499,70.23,99,100,3.15,light rain
489,Adre,TD,13.4667,22.2,67.01,23,0,13.42,clear sky
490,Barao De Melgaco,BR,-16.1944,-55.9675,80.6,83,20,6.91,few clouds
491,Malabo,GQ,3.75,8.7833,80.6,89,20,8.05,few clouds
492,Boffa,GN,10.1667,-14.0333,75.79,81,0,4.56,clear sky
493,Praia Da Vitoria,PT,38.7333,-27.0667,60.01,100,40,14.12,light rain
494,Leningradskiy,RU,69.3833,178.4167,-21.77,83,86,8.52,overcast clouds
495,Lebrija,ES,36.9208,-6.0753,44.6,93,40,5.75,light rain
496,Kokopo,PG,-4.352,152.2633,77.04,87,100,5.66,overcast clouds
497,Tumpat,MY,6.1978,102.171,77.0,88,20,2.3,few clouds
498,Eirunepe,BR,-6.6603,-69.8736,83.48,81,100,1.74,overcast clouds
499,Auki,SB,-8.7676,160.7034,79.59,83,95,3.67,overcast clouds
500,Miri,MY,4.4148,114.0089,77.0,100,40,2.3,scattered clouds
501,Sabzevar,IR,36.2126,57.6819,33.1,68,0,0.81,clear sky
502,Itarema,BR,-2.9248,-39.9167,82.24,70,0,15.21,clear sky
503,Yerbogachen,RU,61.2767,108.0108,-15.75,88,100,4.76,overcast clouds
504,Grand Forks,US,47.9417,-97.4337,32.0,93,90,19.57,overcast clouds
505,Kaspiyskiy,RU,45.3929,47.3707,32.74,96,100,10.76,snow
506,Manacapuru,BR,-3.2997,-60.6206,77.0,83,75,3.44,light rain
507,Shingu,JP,33.7333,135.9833,33.24,86,99,7.47,overcast clouds
508,Kutum,SD,14.2,24.6667,59.16,30,0,12.15,clear sky
509,Laurens,US,32.4502,-82.9165,53.6,43,40,1.54,scattered clouds
510,Champerico,GT,14.3,-91.9167,89.6,45,20,9.22,few clouds
511,Bhawanipatna,IN,19.9,83.1667,68.5,44,0,3.36,clear sky
512,Morshansk,RU,53.4435,41.8107,12.72,96,79,5.73,snow
513,Fresnillo,MX,23.1667,-102.8833,60.8,25,1,17.27,clear sky
514,Berdigestyakh,RU,62.0989,126.6992,-29.34,84,100,2.26,overcast clouds
515,Lima,PE,-12.0432,-77.0282,77.0,68,20,14.97,few clouds
516,Jaranwala,PK,31.3333,73.4333,50.59,47,0,4.47,clear sky
517,Kotaparh,IN,19.15,82.35,65.07,41,0,0.89,clear sky
518,Rawson,AR,-43.3002,-65.1023,73.94,24,100,27.16,overcast clouds
519,Mae Hong Son,TH,19.3003,97.9685,67.82,79,6,1.57,clear sky
520,Charters Towers,AU,-20.1,146.2667,72.12,87,100,9.71,overcast clouds
521,Phan Thiet,VN,10.9333,108.1,68.99,77,1,7.0,clear sky
522,Pemangkat,ID,1.1667,108.9667,75.87,93,100,6.38,overcast clouds
523,Magdagachi,RU,53.45,125.8,-16.87,84,32,4.59,scattered clouds
524,Grants,US,35.1473,-107.8514,35.6,51,1,5.75,clear sky
525,Truth Or Consequences,US,33.1284,-107.2528,43.0,39,1,13.8,clear sky
526,Smolenka,RU,52.1352,113.4974,3.2,60,99,8.95,overcast clouds
527,Bayir,TR,37.2687,28.2167,64.4,72,75,9.22,broken clouds
528,Kharp,RU,66.8014,65.8081,-11.11,79,10,2.17,clear sky
529,Smithers,CA,54.7804,-127.1743,30.2,80,90,4.61,light snow
530,Gizo,SB,-8.103,156.8419,83.7,75,97,6.73,moderate rain
531,Beira,MZ,-19.8436,34.8389,84.2,84,20,12.66,few clouds
532,Broome,US,42.2506,-75.833,34.0,69,1,4.61,clear sky
533,Waingapu,ID,-9.6567,120.2641,79.97,80,98,4.36,overcast clouds
534,Vanavara,RU,60.34,102.2797,-13.99,89,94,1.9,overcast clouds
535,Huarmey,PE,-10.0681,-78.1522,74.77,72,53,10.92,broken clouds
536,Salta,AR,-24.7859,-65.4117,84.2,51,75,13.8,broken clouds
537,Srednekolymsk,RU,67.45,153.6833,-29.11,84,100,4.74,overcast clouds
538,Tilichiki,RU,60.4667,166.1,-5.46,93,100,12.01,overcast clouds
539,Diebougou,BF,10.9667,-3.25,82.22,15,23,3.83,few clouds
540,Komsomolskiy,UZ,40.4272,71.7189,24.8,68,0,1.68,mist
541,Mamontovo,RU,52.7055,81.6244,16.02,96,100,16.24,light snow
542,Ust-Tsilma,RU,65.441,52.1498,-8.84,89,0,2.73,clear sky
543,Dwarka,IN,22.2394,68.9678,68.11,47,31,12.82,scattered clouds
544,Taonan,CN,45.3333,122.7833,2.46,86,1,7.38,clear sky
545,Lander,US,42.833,-108.7307,26.6,68,1,3.44,clear sky
546,Sawakin,SD,19.1059,37.3321,75.72,73,2,8.48,clear sky
547,Katsuura,JP,35.1333,140.3,36.0,55,0,11.5,clear sky
548,Ginda,IN,30.6945,78.4932,44.4,40,0,7.99,clear sky
549,Badnawar,IN,23.0167,75.2167,64.35,74,0,7.49,clear sky
550,Geilo,NO,60.5333,8.2076,10.78,91,51,3.8,broken clouds
551,Margate,GB,51.3813,1.3862,37.99,90,26,1.99,scattered clouds
552,Korla,CN,41.7597,86.1469,13.89,84,0,6.96,clear sky
553,Maracacume,BR,-2.0428,-45.9592,82.13,81,99,3.51,overcast clouds
554,Cabra,ES,37.4725,-4.4421,39.0,82,13,3.89,few clouds
555,Kungurtug,RU,50.5994,97.5228,-2.96,83,100,1.14,overcast clouds
556,Todos Santos,MX,23.45,-110.2167,73.0,55,0,5.01,clear sky
557,Havelock,US,34.8791,-76.9013,51.8,37,1,8.05,clear sky
558,Boa Vista,BR,2.8197,-60.6733,77.0,88,90,10.36,overcast clouds
559,Labuhan,ID,-6.8844,112.2051,77.4,88,100,7.78,overcast clouds
560,Port Lincoln,AU,-34.7333,135.8667,77.95,30,100,13.22,overcast clouds
561,Waipawa,NZ,-41.4122,175.5153,64.0,82,75,11.5,broken clouds
562,Juneau,US,58.3019,-134.4197,42.8,81,90,20.71,moderate rain
563,Hualmay,PE,-11.0964,-77.6139,73.81,73,98,11.18,overcast clouds
564,Srandakan,ID,-7.9386,110.2506,76.37,89,100,3.78,overcast clouds
565,Faanui,PF,-16.4833,-151.75,80.87,75,0,12.95,clear sky
566,West Plains,US,36.7281,-91.8524,34.0,64,90,6.91,overcast clouds
567,Morondava,MG,-20.2833,44.2833,82.02,73,95,4.76,light rain
568,Chernyy Yar,RU,48.0624,46.1091,30.88,96,100,8.57,overcast clouds
569,Blagoyevo,RU,63.3667,47.9167,-6.56,90,0,5.53,clear sky
570,Bubaque,GW,11.2833,-15.8333,79.56,68,0,17.74,clear sky
571,Silopi,TR,37.2497,42.4694,46.24,52,0,1.28,clear sky
572,Kieta,PG,-6.2167,155.6333,80.51,75,99,1.43,light rain
573,Shelburne,CA,44.0787,-80.2041,35.01,85,100,7.2,overcast clouds
574,Udachnyy,RU,66.4167,112.4,-33.81,82,100,4.81,overcast clouds
575,Meiringen,CH,46.7268,8.184,21.99,79,20,11.5,few clouds
576,Vestmannaeyjar,IS,63.4427,-20.2734,28.22,84,0,6.08,clear sky
577,Qaqortoq,GL,60.7167,-46.0333,41.0,38,75,19.57,broken clouds
578,Chiang Khong,TH,20.2613,100.4046,71.6,64,0,6.91,clear sky
579,Salt,JO,32.0392,35.7272,53.6,50,0,6.02,clear sky
580,Adrar,MR,20.5022,-10.0711,59.0,34,49,12.62,scattered clouds
581,Vigrestad,NO,58.5667,5.7,35.6,93,75,6.91,snow
582,Kushima,JP,31.4583,131.2333,33.01,69,100,4.0,overcast clouds
583,Grimshaw,CA,56.1834,-117.6027,15.8,79,20,11.5,few clouds
584,Cayenne,GF,4.9333,-52.3333,82.4,83,75,12.66,broken clouds
585,Ormara,PK,25.2088,64.6357,66.99,29,0,6.58,clear sky
586,Porto Walter,BR,-8.2686,-72.7439,82.47,86,10,3.6,moderate rain
587,Khovu-Aksy,RU,51.1333,93.6,-9.53,81,100,6.82,overcast clouds
588,Ternate,ID,0.8,127.4,80.89,81,57,5.14,broken clouds
589,Laredo,US,27.5064,-99.5075,46.4,87,90,19.57,overcast clouds
590,Kaeo,NZ,-35.1,173.7833,64.0,89,16,1.99,few clouds
591,Pontianak,ID,-0.0333,109.3333,77.0,100,90,1.14,overcast clouds
592,Brae,GB,60.3964,-1.353,39.2,70,90,10.36,overcast clouds
593,Port Hardy,CA,50.6996,-127.4199,46.4,87,90,18.41,light rain
594,Brownwood,US,31.7093,-98.9912,32.0,100,1,6.91,snow
595,Matara,LK,5.9485,80.5353,75.72,81,100,4.29,overcast clouds
596,Tuy Hoa,VN,13.0833,109.3,70.77,88,89,11.68,light rain
597,Carballo,ES,43.213,-8.691,43.0,65,0,4.61,clear sky
598,Wukari,NG,7.85,9.7833,80.6,17,0,2.86,clear sky
599,Dunedin,NZ,-45.8742,170.5036,54.21,64,37,12.75,scattered clouds
600,Peleduy,RU,59.6289,112.7406,-8.68,89,100,2.24,overcast clouds
601,Biak,ID,-0.9131,122.8766,77.27,78,3,2.24,clear sky
602,Palamos,ES,41.8484,3.1291,43.0,25,100,16.84,overcast clouds
603,Caruray,PH,10.3094,119.0128,78.15,79,47,13.87,scattered clouds
604,Moyale,KE,3.5167,39.0584,72.5,41,0,7.65,clear sky
605,Uvarovka,RU,55.5278,35.6061,6.62,96,96,3.27,overcast clouds
606,Kwinana,AU,-32.25,115.7667,64.0,67,0,10.36,clear sky
607,San Juan,AR,-31.5375,-68.5364,98.69,12,0,4.65,clear sky
608,Tarbagatay,RU,51.4803,107.3602,-5.8,71,100,6.71,snow
609,Krasnoarmeysk,RU,51.0239,45.6969,24.28,97,49,12.39,scattered clouds
610,Hobyo,SO,5.3505,48.5268,74.86,73,7,20.69,clear sky
611,Sukhothai,TH,17.25,99.6667,73.0,99,14,1.45,few clouds
612,Luena,AO,-11.7833,19.9167,64.44,92,100,2.24,light rain
613,Marsh Harbour,BS,26.5412,-77.0636,66.94,56,11,6.76,few clouds
614,Sakakah,SA,29.9697,40.2064,55.4,62,0,4.61,clear sky
615,Malkangiri,IN,18.35,81.9,65.95,54,47,1.5,scattered clouds
616,Buenavista,PH,8.9769,125.4089,75.22,89,100,2.24,overcast clouds
617,Turukhansk,RU,65.8167,87.9833,-22.7,80,0,2.62,clear sky
618,Henties Bay,NA,-22.116,14.2845,69.01,86,91,5.01,overcast clouds
619,Port Shepstone,ZA,-30.7414,30.455,73.8,83,100,9.66,light rain
620,San Jose,US,37.3394,-121.895,61.0,47,75,5.75,broken clouds
621,Desaguadero,PE,-16.5656,-69.0417,59.2,42,6,13.51,clear sky
622,Calabozo,VE,8.9242,-67.4293,85.78,60,71,8.28,broken clouds
623,Saryg-Sep,RU,51.5,95.6,-8.37,86,96,1.16,overcast clouds
624,Saint Anthony,US,45.0205,-93.218,28.99,74,90,9.22,overcast clouds
625,Ixtapa,MX,20.7,-105.2,75.2,73,1,8.05,clear sky
626,Pastos Bons,BR,-6.6017,-44.0767,78.12,88,100,3.13,heavy intensity rain
627,Ziro,IN,27.6333,93.8333,42.08,100,100,2.01,overcast clouds
628,Buala,SB,-8.145,159.5921,82.56,75,97,4.47,light rain
629,Laichingen,DE,48.4894,9.6861,25.0,95,100,1.01,overcast clouds
630,Winnipeg,CA,49.8844,-97.147,28.0,86,97,5.75,overcast clouds
631,Pyshchug,RU,58.8873,45.7134,0.79,93,100,7.07,overcast clouds
632,Skeldon,GY,5.8833,-57.1333,81.21,73,99,11.07,overcast clouds
633,Mpanda,TZ,-6.3655,31.0409,65.21,90,100,1.83,overcast clouds
634,Conde,BR,-7.2597,-34.9075,82.4,69,20,10.36,few clouds
635,Hervey Bay,AU,-25.2986,152.8535,73.0,87,70,5.99,broken clouds
636,Vanimo,PG,-2.6741,141.3028,78.08,83,59,2.24,broken clouds
637,Luanda,AO,-8.8368,13.2343,78.8,73,20,9.22,few clouds
638,Tari,NG,12.4086,4.4914,80.96,16,0,10.63,clear sky
639,Keetmanshoop,NA,-26.5833,18.1333,86.0,20,89,13.8,overcast clouds
640,Xique-Xique,BR,-10.8218,-42.7263,84.43,61,95,2.59,overcast clouds
641,Umm Kaddadah,SD,13.6017,26.6876,67.24,23,0,14.12,clear sky
642,Mazamet,FR,43.49,2.373,32.0,86,20,8.05,few clouds
643,Durban,ZA,-29.8579,31.0292,73.4,73,90,11.5,overcast clouds
644,Mitsamiouli,KM,-11.3847,43.2844,81.01,78,100,12.39,light rain
645,Varberg,SE,57.1056,12.2508,36.0,94,3,13.0,clear sky
646,Kroya,ID,-7.6331,109.2461,66.99,82,100,2.28,overcast clouds
647,Kharitonovo,RU,61.4009,47.4978,-3.57,90,73,8.63,broken clouds
648,Raton,US,36.9034,-104.4391,28.99,74,90,11.5,overcast clouds
649,Talcahuano,CL,-36.7167,-73.1167,59.0,94,90,5.75,mist
650,Soyo,AO,-6.1349,12.3689,78.46,75,0,8.21,clear sky
651,Shieli,KZ,44.1667,66.75,26.28,70,0,9.19,clear sky
652,Saint-Joseph,RE,-21.3667,55.6167,80.6,83,75,17.27,light rain
653,Mutis,CO,6.2262,-77.4044,81.14,75,22,7.18,light rain
654,Piacabucu,BR,-10.4056,-36.4344,81.82,68,83,14.36,broken clouds
655,Lamu,KE,-2.2717,40.902,78.8,73,20,6.91,haze
656,Chapais,CA,49.7834,-74.8492,17.6,93,90,11.5,overcast clouds
657,Markova,UA,48.6758,24.4138,25.38,93,98,0.98,overcast clouds
658,Bathsheba,BB,13.2167,-59.5167,82.4,61,20,20.71,few clouds
659,Saint-Leu,RE,-21.15,55.2833,80.6,83,75,17.27,broken clouds
660,Sale,MA,34.0389,-6.8166,46.4,93,75,9.22,moderate rain
661,Borzya,RU,50.3833,116.5167,-6.21,89,92,6.4,snow
662,Antofagasta,CL,-23.65,-70.4,69.8,68,20,16.11,few clouds
663,Saint-Pierre,RE,-21.3393,55.4781,80.6,83,75,17.27,broken clouds
664,Rutland,US,43.6167,-73.0162,28.4,74,1,5.75,clear sky
665,Dosso,NE,13.049,3.1937,79.34,16,0,8.52,clear sky
666,Elizabeth City,US,36.2946,-76.2511,48.99,49,1,8.05,clear sky
667,Zapolyarnyy,RU,69.4154,30.8136,5.0,85,0,11.5,clear sky
668,Uglich,RU,57.5275,38.3317,1.98,94,90,4.36,overcast clouds
669,Kisangani,CD,0.5167,25.2,75.22,67,0,1.74,clear sky
670,Vallenar,CL,-28.5708,-70.7581,86.67,19,0,10.89,clear sky
671,Egvekinot,RU,66.3167,-179.1667,-19.62,85,4,10.31,clear sky
672,Rudbar,AF,30.15,62.6,39.18,52,0,1.92,clear sky
673,Nicoya,CR,10.1483,-85.452,89.6,48,40,18.41,scattered clouds
674,Hirara,JP,24.8,125.2833,62.62,76,27,24.05,scattered clouds
675,Sal Rei,CV,16.1833,-22.9167,71.6,56,40,18.41,scattered clouds
676,Mlonggo,ID,-6.5333,110.7,78.31,86,100,5.91,moderate rain
677,Pouebo,NC,-20.4,164.5667,80.11,83,100,5.44,overcast clouds
